PEMBIMBING,JUDUL TUGAS AKHIR/PENELITIAN
"TITUS KRISTANTO, S.KOM., M.KOM.",DESAIN DAN IMPLEMENTASI APLIKASI GAME EDUKASI BERBASIS ANDROID DI RA IT IBNU SINA MENGGUNAKAN METODE VALIDASI GUESS-18
"MOHAMMAD SHOLIK, S.KOM., M.KOM.",RANCANG BANGUN ENSIKLOPEDIA BIOTA LAUT BERBASIS ANDROID
"ARDIAN YUSUF WICAKSONO, S.KOM., M.KOM.",DESAIN DAN IMPLEMENTASI SISTEM MANAJEMEN GUDANG BERBASIS ANDROID DI BADAN PENANGGULANGAN BENCANA DAERAH PROVINSI JAWA TIMUR
"ARDIAN YUSUF WICAKSONO, S.KOM., M.KOM.",DESAIN DAN IMPLEMEMTASI SISTEM PEMANTAUAN DAN NOTIFIKASI BENCANA BERBASIS ANDROID DI BADAN PENANGGULANGAN BENCANA DAERAH PROVINSI JAWA TIMUR
"MOHAMMAD SHOLIK, S.KOM., M.KOM.",RANCANG BANGUN APLIKASI PEMELIHARAAN ALAT MENGGUNAKAN KODE QR BERBASIS ANDROID STUDI KASUS TELKOM PROPERTY SURABAYA UTARA
"ARDIAN YUSUF WICAKSONO, S.KOM., M.KOM.",RANCANG BANGUN ANTARMUKA DASHBOARD PEMANTAUAN PASCA BENCANA BERBASIS WEB DI BADAN PENANGGULANGAN BENCANA DAERAH PROVINSI JAWA TIMUR
"MOHAMMAD SHOLIK, S.KOM., M.KOM.",IMPLEMENTASI SISTEM PAKAR PADA BUDIDAYA MELON BERBASIS WEB MENGGUNAKAN METODE EXTREME PROGRAMMING
"FIDI WINCOKO PUTRO, S.ST., M.KOM.",DESAIN DAN IMPLEMENTASI SISTEM ABSENSI MENGGUNAKAN QRCODE (STUDI KASUS: RADJA LEATHER SURABAYA)
"DEWI RAHMAWATI, S.KOM., M.KOM.",RANCANG BANGUN APLIKASI SENTIMEN PENDAPAT MASYARAKAT INDONESIA TERHADAP VAKSIN COVID-19 DENGAN MENGGUNAKAN ALGORITMA LONG SHORT-TERM MEMORY BERBASIS WEB
"DEWI RAHMAWATI, S.KOM., M.KOM.",DESAIN DAN IMPLEMENTASI APLIKASI SISTEM INFORMASI DAN MANAJEMEN PELAYANAN RESTORAN BERBASIS WEB
"ARDIAN YUSUF WICAKSONO, S.KOM., M.KOM.",DESAIN DAN IMPLEMENTASI SISTEM INFORMASI PENGELOLAAN INVENTORI BARANG JADI BERBASIS ANDROID DI UMKM HANAPI
"DEWI RAHMAWATI, S.KOM., M.KOM.",RANCANG BANGUN APLIKASI TRACKING PENGIRIMAN BARANG LOGISTIK BERBASIS WEB DENGAN PENENTUAN RUTE OPTIMAL
"FIDI WINCOKO PUTRO, S.ST., M.KOM.",DESAIN DAN IMPLEMENTASI APLIKASI KASIR POINT OF SALES BERBASIS ANDROID (STUDI KASUS DI TOKO LIMA SURABAYA)
"DEWI RAHMAWATI, S.KOM., M.KOM.",RANCANG BANGUN APLIKASI PENDETEKSI BAHAN DAN WARNA PADA PRODUK FASHION JAKET KULIT MENGGUNAKAN ALGORITMA CONVOLUTIONAL NEURAL NETWORK
"DEWI RAHMAWATI, S.KOM., M.KOM.",RANCANG BANGUN SISTEM PENJADWALAN BANK SAMPAH OPTIMAL DENGAN ALGORITMA VEHICLE ROUTING PROBLEM BERBASIS ANDROID STUDI KASUS: BANK SAMPAH BERKEMBANG MOJOKERTO
"ARDIAN YUSUF WICAKSONO, S.KOM., M.KOM.",DESAIN DAN IMPLEMENTASI APLIKASI PEMESANAN MAKANAN DENGAN KUSTOMISASI KOMPOSISI
"DEWI RAHMAWATI, S.KOM., M.KOM.",DESAIN DAN IMPLEMENTASI APLIKASI PELAPORAN KERUSAKAN JALAN DI KABUPATEN SIDOARJO DENGAN PENGELOMPOKAN BERDASARKAN TINGKAT KERUSAKAN BERBASIS WEB
"FIDI WINCOKO PUTRO, S.ST., M.KOM.",DESAIN DAN IMPLEMENTASI APLIKASI PENCARIAN RUTE DISTRIBUSI BERBASIS MOBILE PADA PERUSAHAAN LOGISTIK DENGAN MENGGUNAKAN METODE TRAVELLING SALESMAN PROBLEM
"ARDIAN YUSUF WICAKSONO, S.KOM., M.KOM.",IDENTIFIKASI BATU GINJAL MENGGUNAKAN METODE CONVOLUTIONAL NEURAL NETWORK
"FIDI WINCOKO PUTRO, S.ST., M.KOM.",DESAIN DAN IMPLEMENTASI APLIKASI PENGHAFAL AL-QURAN METODE AT-TIKRAR BERBASIS ANDROID DI RUMAH TAHFIDZ RABBUNALLOH SURABAYA
"MOHAMMAD SHOLIK, S.KOM., M.KOM.",DESAIN DAN IMPLEMENTASI SISTEM PENJUALAN BAJU BERBASIS WEBSITE MENGGUNAKAN METODE EXTREME PROGRAMMING DENGAN STUDI KASUS TOKO HARTINI
"TITUS KRISTANTO, S.KOM., M.KOM.",DESAIN DAN IMPLEMENTASI SISTEM INFORMASI PENGELOLAAN GEMES JUICE DAN PENGOLAHAN DATA PELANGGAN UNTUK MARKETING
"MOHAMMAD SHOLIK, S.KOM., M.KOM.",RANCANG BANGUN SISTEM MANAJEMEN KEUANGAN BERBASIS ANDROID STUDI KASUS DI WARMINDO 88 SIDOARJO
"DEWI RAHMAWATI, S.KOM., M.KOM.",APLIKASI PENDETEKSI PENYAKIT KULIT MENGGUNAKAN ALGORITMA CONVOLUTIONAL NEURAL NETWORK
"FIDI WINCOKO PUTRO, S.ST., M.KOM.",DESAIN DAN IMPLEMENTASI SISTEM PENGHITUNG JUMLAH DAN JENIS BARANG OTOMATIS DENGAN ALGORITMA YOLO
"TITUS KRISTANTO, S.KOM., M.KOM.",DESAIN DAN IMPLEMENTASI SISTEM INFORMASI MANAJEMEN JASA FOTO DAN VIDEO WEDDING BERBASIS MOBILE DI SUMMERSTORY PHOTOGRAPHY SURABAYA
"MOHAMMAD SHOLIK, S.KOM., M.KOM.",DESAIN DAN IMPLEMENTASI APLIKASI PEMESANAN JASA TRAVEL BERBASIS WEB DENGAN NAVIGASI SISTEM INFORMASI GEOGRAFIS
"DEWI RAHMAWATI, S.KOM., M.KOM.","DESAIN DAN IMPLEMENTASI SISTEM PENJUALAN TIKET KAPAL LAUT BERBASIS WEB DAN ANDROID (STUDI KASUS : SYAHBANDAR UPP KELAS III SAPEKEN, SUMENEP, JAWA TIMUR)"
"TITUS KRISTANTO, S.KOM., M.KOM.",Prediksi Pelaku Perjalanan Luar Negeri Di Masa Pandemi COVID-19 Menggunakan Metode Regresi Linier Sederhana
"TITUS KRISTANTO, S.KOM., M.KOM.",Manajemen SDM:(Strategi Organisasi Bisnis Modern)
"TITUS KRISTANTO, S.KOM., M.KOM.",Analisa & Perancangan Sistem Informasi Berorientasi Objek
"TITUS KRISTANTO, S.KOM., M.KOM.",Risk Priority Analysis for Change Management on E-Government using RIPC4 and AHP
"TITUS KRISTANTO, S.KOM., M.KOM.",Rancang Bangun Aplikasi Pemeliharaan Alat Menggunakan QR-Code (Studi Kasus Telkom Property Surabaya Utara)
"TITUS KRISTANTO, S.KOM., M.KOM.",PENGAJARAN BERBASIS TEKNOLOGI DIGITAL (Perkembangan dan Praktik)
"TITUS KRISTANTO, S.KOM., M.KOM.",REKAYASA PERANGKAT LUNAK
"TITUS KRISTANTO, S.KOM., M.KOM.",Pelatihan Pembuatan Database Dan Pelaporan Keuangan Bagi Pegawai Bank Indonesia
"TITUS KRISTANTO, S.KOM., M.KOM.",Marketing Digital Usaha Mikro
"TITUS KRISTANTO, S.KOM., M.KOM.",The Effect of Covid-19 Pandemic on Increasing Rice Tiwul Business Income Using System Dynamic Approach
"TITUS KRISTANTO, S.KOM., M.KOM.",KEWIRAUSAHAAN (TEORI DAN PRAKTIS)
"PANGESTU WIDODO, S.T., M.KOM.",Implementation of dosimetry protocol for radionuclide therapy in Indonesia: Collaborative works in nuclear medicine
"PANGESTU WIDODO, S.T., M.KOM.",Investigation of Image Quality for Quantitative Lu-177 in SPECT imaging: A Phantom Study
"PANGESTU WIDODO, S.T., M.KOM.",Dosimetry for Intensity Modulated Radiotherapy (IMRT) Technique Using Ion Chamber Matrix (MatriXX-FFF) with Back Projection Method (Usual 6MV and 10MV)
"PANGESTU WIDODO, S.T., M.KOM.",A simple gamma dosimeter using a film label made of polyvinyl alcohol and bark of Peltophorum ferrugineum extract
"PANGESTU WIDODO, S.T., M.KOM.",A Paper Label Made from Carmoisine Dyes as a Radiochromic Indicator for Gamma Rays
"PANGESTU WIDODO, S.T., M.KOM.",A UV dosimeter label made from films of polyvinyl alcohol and Swietenia mahagoni bark extract
"PANGESTU WIDODO, S.T., M.KOM.",Radiochromic film label made from chitosan and Taraxacum officinale leaf extract
"PANGESTU WIDODO, S.T., M.KOM.",Design of magnetic Circuit Simulation for Curing Device of Anisotropic MRE
"PANGESTU WIDODO, S.T., M.KOM.",Three-dimensional finite element magnetic simulation of an innovative multi-coiled magnetorheological brake
"PANGESTU WIDODO, S.T., M.KOM.",Controller development of a passive control ankle foot orthosis
"FIDI WINCOKO PUTRO, S.ST., M.KOM.",SISTEM PENDETEKSI KERUSAKAN LUAR ANGKUTAN UMUM
"FIDI WINCOKO PUTRO, S.ST., M.KOM.",Perancangan ComuLife Aplikasi Pendukung Kebutuhan Masyarakat Menghadapi Pandemi Covid-19
"FIDI WINCOKO PUTRO, S.ST., M.KOM.",Pendeteksi Kendaraan Untuk Keamanan Perlintasan Kereta Api
"FIDI WINCOKO PUTRO, S.ST., M.KOM.",SKILL TRAINING WEB DESIGN FOR STUDENTS AT SMK NEGERI 1 SURABAYA
"FIDI WINCOKO PUTRO, S.ST., M.KOM.",PELATIHAN KETERAMPILAN WEB DESIGN BAGI SISWA SMK NEGERI 1 SURABAYA
"FIDI WINCOKO PUTRO, S.ST., M.KOM.",Student Attendance System using QR Codes (Case Study: Institut Teknologi Telkom Surabaya)
"FIDI WINCOKO PUTRO, S.ST., M.KOM.","Coverage, diversity, and coherence optimization for multi-document summarization"
"FIDI WINCOKO PUTRO, S.ST., M.KOM.",Penghilangan awan pada citra satelit dengan citra multi temporal dan inpainting berbasis self organizing map
"FIDI WINCOKO PUTRO, S.ST., M.KOM.",PENGHILANGAN AWAN PADA CITRA SATELIT DENGAN CITRA MULTI-TEMPORAL DAN INPAINTING BERBASIS SELF-ORGANIZING MAP
"FIDI WINCOKO PUTRO, S.ST., M.KOM.",Segmentasi pada Citra Panoramik Gigi dengan Metode Two-Stage SOM dan T-CLUSTER
"MOHAMMAD SHOLIK, S.KOM., M.KOM.",Analisis Manajemen Keamanan Informasi Menggunakan Standard ISO 27001: 2005 Pada Staff IT Support Di Instansi XYZ
"MOHAMMAD SHOLIK, S.KOM., M.KOM.",SKILL TRAINING WEB DESIGN FOR STUDENTS AT SMK NEGERI 1 SURABAYA
"MOHAMMAD SHOLIK, S.KOM., M.KOM.",PELATIHAN KETERAMPILAN WEB DESIGN BAGI SISWA SMK NEGERI 1 SURABAYA
"MOHAMMAD SHOLIK, S.KOM., M.KOM.",Klasifikasi Sel Serviks Pada Citra Pap Smear berdasarkan Fitur Bentuk Deskriptor Regional dan Fitur Tekstur Uniform Rotated Local Binary Pattern
"DEWI RAHMAWATI, S.KOM., M.KOM.",Anomaly detection using control flow pattern and fuzzy regression in port container handling
"DEWI RAHMAWATI, S.KOM., M.KOM.",A New Hybrid Region-Based Segmentation for 2D Corpus Callosum Segmentation
"DEWI RAHMAWATI, S.KOM., M.KOM.",Corpus Callosum Segmentation from Brain MRI Images Based on Level Set Method
"DEWI RAHMAWATI, S.KOM., M.KOM.",Adoption of Knowledge Management System: A Study on How IGracias Should be Adopted for Telkom Campus
"DEWI RAHMAWATI, S.KOM., M.KOM.","Brain Segmentation using Adaptive Thresholding, K-Means Clustering and Mathematical Morphology in MRI Data"
"DEWI RAHMAWATI, S.KOM., M.KOM.",LEBANO (Lemari Pengering Pakaian Berbasis Arduino Uno) Sebagai Solusi Alternatif Pengering Pakaian
"DEWI RAHMAWATI, S.KOM., M.KOM.",APLIKASI PENCARIAN RUTE ANGKUTAN UMUM KOTA MALANG MENGGUNAKAN MOBILE GIS DAN SMARTPHONE ANDROID
"DEWI RAHMAWATI, S.KOM., M.KOM.",Analisis Manajemen Keamanan Informasi Menggunakan Standard ISO 27001: 2005 Pada Staff IT Support Di Instansi XYZ
"DEWI RAHMAWATI, S.KOM., M.KOM.",The Effect of Think Talk Write Learning Model Containing Science Literacy on Students Learning Competencies In SMA Kartika 1-5 Padang
"DEWI RAHMAWATI, S.KOM., M.KOM.",Deteksi Anomali menggunakan Control Flow Patterns dan Fuzzy Regression di Terminal Peti Kemas
"NOERMA PUDJI ISTYANTO, S.KOM., M.KOM.",HI PRINT : SISTEM INFORMASI LAYANAN PEMESANAN BERBASIS WEBSITE MENGGUNAKAN UNIFIED MODELING LANGUANGE (STUDI KASUS : ARYA GRAFIKA KOTA KEDIRI)
"HAWWIN MARDHIANA, S.KOM., M.KOM.",ANALISIS FAKTOR ADOPSI M-PAYMENT MENGGUNAKAN UTAUT 2: STUDI KASUS UMKM KOTA SURABAYA
"NOERMA PUDJI ISTYANTO, S.KOM., M.KOM.",PENERAPAN PROTOTYPE WEBSITE ANGKUTAN UMUM SEBAGAI UPAYA MENGURANGI INTERAKSI PENGGUNA PUBLIC TRANSPORTATION DI ERA PANDEMI COVID-19 (STUDI KASUS KOTA TUBAN JAWA TIMUR)
"NOERMA PUDJI ISTYANTO, S.KOM., M.KOM.",PERANCANGAN USER INTERFACE PADA SISTEM INFORMASI AKADEMIK IGRACIAS MENGGUNAKAN PENDEKATAN USER CENTERED DESIGN DI INSTITUTE TEKNOLOGI TELKOM SURABAYA
"ULLY ASFARI, S.KOM., M.KOM.",PENGUJIAN KEPUASAN SISTEM INFORMASI AKADEMIK MENGGUNAKAN METODE END-USER COMPUTING SATISFACTION (STUDI KASUS: IGRACIAS ITTELKOM SURABAYA)
"YUPIT SUDIANTO, S.KOM., M.KOM.",EVALUASI SISTEM INFORMASI AKADEMIK BERDASARKAN DELONE & MCLEAN IS SUCCESS MODEL (STUDI KASUS: KRS ONLINE IGRACIAS ITTELKOM SURABAYA)
"YUPIT SUDIANTO, S.KOM., M.KOM.",ANALISIS IMPLEMENTASI PROTOKOL AJAX DAN WEBSOCKET DALAM PENGEMBANGAN WEB ECOMMERCE (STUDI KASUS: RUMAH KAPAS)
"HAWWIN MARDHIANA, S.KOM., M.KOM.",ANALISIS CRITICAL SUCCESS FACTOR TERHADAP IMPLEMENTASI ERP DENGAN METODE ANALYTICAL HIERARCHY PROCESS (AHP) DAN FUZZY ANALYTICAL HIERARCHY PROCESS (F-AHP)
"NOERMA PUDJI ISTYANTO, S.KOM., M.KOM.",ANALISIS UNIFIED THEORY OF ACCEPTANCE AND USE OF TECHNOLOGY (UTAUT) TERHADAP PENERIMAAN ADOPSI TEKNOLOGI E-LEARNING PADA FITUR VIDEO CONFERENCE DI KALANGAN MAHASISWA KAMPUS BARU (STUDI KASUS: IT TELKOM SURABAYA)
"YUPIT SUDIANTO, S.KOM., M.KOM.",RANCANG BANGUN APLIKASI MARKETPLACE BERBASIS WEB (STUDI KASUS : PENGRAJIN KULIT DI DESA TANGGULANGIN SIDOARJO)
"HAWWIN MARDHIANA, S.KOM., M.KOM.",ANALISIS KESIAPAN UMKM DALAM MENGADOPSI ELECTRONIC SUPPLY CHAIN MANAGEMENT MELALUI KOLABORASI TECHNOLOGY ACCEPTANCE MODEL PADA UMKM DI KOTA SURABAYA DAN SIDOARJO
"ULLY ASFARI, S.KOM., M.KOM.",EVALUASI SISTEM INFORMASI AKUNTANSI SEBAGAI TATA KELOLA KEUANGAN UNTUK MEWUJUDKAN SMART CITY PADA PEMERINTAHAN (STUDI KASUS DINAS KOMUNIKASI DAN INFORMATIKA PROVINSI JAWA TIMUR)
"YUPIT SUDIANTO, S.KOM., M.KOM.",ANALISIS MANAJEMEN RISIKO IT DI ORGANISASI XYZ BERDASARKAN ISO 31000:2018
"NOERMA PUDJI ISTYANTO, S.KOM., M.KOM.",ANALISIS CUSTOMER RELATIONSHIP MANAGEMENT DALAM PELAYANAN PT. TELKOM INDONESIA TBK BANYUWANGI KEPADA CUSTOMER INDIHOME
"HAWWIN MARDHIANA, S.KOM., M.KOM.",PENERAPAN MODEL UTAUT UNTUK MEMAHAMI NIAT MENGGUNAKAN INSTAGRAM MARKETING PADA PELAKU UMKM KOTA JOMBANG
"HAWWIN MARDHIANA, S.KOM., M.KOM.",SISTEM PENDUKUNG KEPUTUSAN PEMILIHAN VENDOR DENGAN MENGGUNAKAN METODE SIMPLE ADDITIVE WEIGHTING (SAW) PADA PT. XYZ
"YUPIT SUDIANTO, S.KOM., M.KOM.",PENERAPAN DATA MINING DALAM PEMBUATAN DASHBOARD ANALISA PENJUALAN INDIHOME DATEL TABANAN
"HAWWIN MARDHIANA, S.KOM., M.KOM.",ANALISIS FAKTOR PENERIMAAN MASYARAKAT TERHADAP FITUR PEDULILINDUNGI PADA APLIKASI MITRA DALAM PENANGANAN KASUS COVID-19
"YUPIT SUDIANTO, S.KOM., M.KOM.","ANALISIS PENGARUH USER INTERFACE DESIGN, PERCEIVED EASY OF USE, PERCEIVED USEFULNESS PADA SISTEM PEMBAYARAN SHOPEEPAY TERHADAP PURCHASE INTENTION PENGGUNA SHOPEE"
"ULLY ASFARI, S.KOM., M.KOM.",EVALUASI PENGALAMAN PENGGUNA APLIKASI MOBILE XGRACIAS TELKOM CAMPUS MENGGUNAKAN USER EXPERIENCE QUESTIONNAIRE (UEQ)
"HAWWIN MARDHIANA, S.KOM., M.KOM.",ANALISIS DAN PERANCANGAN ULANG ANTARMUKA PENGGUNA APLIKASI SIAMO DENGAN MENGGUNAKAN METODE USABILITY TESTING DAN SYSTEM USABILITY SCALE (SUS) (STUDI KASUS: PMI KOTA SURABAYA)
"YUPIT SUDIANTO, S.KOM., M.KOM.",PENGELOLAAN LAYANAN OPERASIONAL IGRACIAS INSTITUT TEKNOLOGI TELKOM SURABAYA BERDASARKAN SERVICE OPERATION ITIL V3
"MUHAMMAD NASRULLAH, S.KOM., M.KOM.",ANALISA TINGKAT KEPUASAN PENGGUNA INDIHOME MENGGUNAKAN METODE SERVQUAL DENGAN PENDEKATAN ANALYTIC HIERARCHY PROCESS (STUDI KASUS: PENGGUNA INDIHOME SIDOARJO)
"MUHAMMAD NASRULLAH, S.KOM., M.KOM.",ANALISIS KUALITAS APLIKASI QRAMAS TERHADAP KEPUASAN PENGGUNA MENGGUNAKAN METODE SERVQUAL DAN IPA
"ULLY ASFARI, S.KOM., M.KOM.",EVALUASI USER EXPERIENCE DAN PEMODELAN ULANG USER INTERFACE PADA APLIKASI XGRACIAS MENGGUNAKAN METODE DESIGN THINKING DAN MAZE USABILITY TESTING
"ULLY ASFARI, S.KOM., M.KOM.",ANALISIS DAN EVALUASI PERANCANGAN PROTOTYPE UI UX PADA WEBSITE ELECTRONIC LIBRARY IT TELKOM SURABAYA MENGGUNAKAN METODE USER CENTERED DESIGN
"ROKHMATUL INSANI, S.T., M.T.",RANCANG BANGUN APLIKASI REPORTING POSTINGAN BERITA DAN MEDIA SOSIAL BERBASIS WEB PADA INSTITUT TEKNOLOGI TELKOM SURABAYA
"YUPIT SUDIANTO, S.KOM., M.KOM.",PERANCANGAN BUSINES CONTINUITY PLAN PADA E-LEARNING DI INSTITUT TEKNOLOGI TELKOM SURABAYA
"ROKHMATUL INSANI, S.T., M.T.",PENERAPAN ALGORITMA C4.5 UNTUK MEMPREDIKSI KELULUSAN MAHASISWA DI INSTITUT TEKNOLOGI TELKOM SURABAYA
"MUHAMMAD NASRULLAH, S.KOM., M.KOM.",ANALISIS MANAJEMEN RISIKO KEAMANAN INFORMASI PADA WEBSITE PMB PERGURUAN TINGGI XYZ MENGGUNAKAN METODE OCTAVE ALLEGRO
"ULLY ASFARI, S.KOM., M.KOM.",REDESAIN WEBSITE SATUAN PENJAMINAN MUTU DAN PERENCANAAN ITTELKOM SURABAYA DENGAN MENGGUNAKAN METODE USER CENTERED DESIGN
"YUPIT SUDIANTO, S.KOM., M.KOM.","PENGUKURAN TINGKAT KEMATANGAN PADA PUSAT TEKNOLOGI INFORMASI (PUTI) INSTITUT TEKNOLOGI TELKOM SURABAYA MENGGUNAKAN FRAMEWORK COBIT 2019 DOMAIN DELIVER, SERVICE, AND SUPPORT (DSS)"
"ROKHMATUL INSANI, S.T., M.T.",RANCANG BANGUN SISTEM INFORMASI UNTUK PENGELOLAAN DATA INSTRUKTUR INTERNAL BERBASIS WEB DI PJB ACADEMY SURABAYA DENGAN METODE PENGEMBANGAN SDLC WATERFALL
"ULLY ASFARI, S.KOM., M.KOM.",RANCANG BANGUN SISTEM INFORMASI BERBASIS WEB PADA UMKM KEDAI VISUAL
"MUHAMMAD NASRULLAH, S.KOM., M.KOM.",ANALISIS KUALITAS WEBSITE PELAYANAN AKADEMIK PERGURUAN TINGGI MENGGUNAKAN PENDEKATAN INTERGRASI METODE WEBQUAL 4.0 DAN IMPORTANCE PERFORMANCE ANALYSIS (STUDI KASUS: IGRACIAS IT TELKOM SURABAYA)
"MUHAMMAD NASRULLAH, S.KOM., M.KOM.",MINAT PERILAKU PENGGUNAAN LINK AJA MENGGUNAKAN METODE PENDEKATAN TECHNOLOGY ACCEPTANCE MODEL (TAM) PADA MAHASISWA ITTELKOM SURABAYA
"NOERMA PUDJI ISTYANTO, S.KOM., M.KOM.",ANALISIS TINGKAT KEPUASAN PENGGUNA E-COMMERCE SHOPEE DI SURABAYA PADA FITUR LAYANAN PESAN ANTAR SHOPEEFOOD MENGGUNAKAN DELONE & MCLEAN
"YUPIT SUDIANTO, S.KOM., M.KOM.",RANCANG BANGUN APLIKASI PEMBELAJARAN INTERAKTIF BERBASIS PROGRESSIVE WEB APPLICATION UNTUK MENDUKUNG PEMBELAJARAN BAHASA PEMROGRAMAN (STUDI KASUS UKM CYCOLOGY IT TELKOM SURABAYA)
"HAWWIN MARDHIANA, S.KOM., M.KOM.",ANALISIS KUALITAS LAYANAN SMART MOBILITY DI SURABAYA BERDASARKAN METODE SERVQUAL DAN AHP (ANALYTICAL HIERARCHY PROCESS) STUDY KASUS : APLIKASI GOBIS
"HAWWIN MARDHIANA, S.KOM., M.KOM.",ANALISIS KEPUASAN PENGGUNAAN WEBSITE E-LEARNING MENGGUNAKAN METODE SERVICE QUALITY DAN TECHNIQUE FOR OTHERS REFERENCE BY SIMILARITY TO IDEAL SOLUTION
"ROKHMATUL INSANI, S.T., M.T.",PENERAPAN THE FIVE PLANES DALAM RANCANG BANGUN SITUS WEB BAGI FORUM KOMUNIKASI ASTRONOM AMATIR LINTAS JAWA TIMUR (FOKALIS JATIM) DENGAN MENGGUNAKAN METODE WATERFALL
"YUPIT SUDIANTO, S.KOM., M.KOM.",EVALUASI KUALITAS SISTEM PEMBELAJARAN ONLINE MENGGUNAKAN ISO/IEC 25010 (STUDI KASUS: E-LEARNING ITTELKOM SURABAYA)
"ROKHMATUL INSANI, S.T., M.T.",RANCANG BANGUN E-KATALOG BERBASIS PROGRESSIVE WEB APP UNTUK PENGEMBANGAN SISTEM INFORMASI ELECTRONIC LIBRARY ITTELKOM SURABAYA
"ULLY ASFARI, S.KOM., M.KOM.",IMPLEMENTASI AUGMENTED REALITY SEBAGAI MEDIA PEMBELAJARAN INTERAKTIF PERAKITAN PERSONAL COMPUTER PADA MATA KULIAH ASITERKTUR DAN ORGANISASI KOMPUTER DI IT TELKOM SURABAYA
"ROKHMATUL INSANI, S.T., M.T.",PERANCANGAN DAN IMPLEMENTASI DASHBOARD MONITORING IT TELKOM SURABAYA BERDASARKAN STANDAR AKREDITASI PERGURUAN TINGGI BAN-PT
"ULLY ASFARI, S.KOM., M.KOM.",DESAIN DAN IMPLEMENTASI VIRTUAL REALITY BERBASIS 3D SEBAGAI MEDIA INFORMASI FASILITAS KAMPUS DI INSTITUT TEKNOLOGI TELKOM SURABAYA
"YUPIT SUDIANTO, S.KOM., M.KOM.",ANALISIS MANAJEMEN RISIKO TI DI INSTITUT TEKNOLOGI TELKOM SURABAYA MENGGUNAKAN ISO 31000:2018
"YUPIT SUDIANTO, S.KOM., M.KOM.","PENERAPAN ARSITEKTUR SISTEM INFORMASI PADA PT. TELKOM INDONESIA, TBK. KANDATEL BANYUWANGI DENGAN MENGGUNAKAN PENDEKATAN TOGAF ADM"
"HAWWIN MARDHIANA, S.KOM., M.KOM.",ANALISIS KEPUASAN PENGGUNA “XGRACIAS” MENGGUNAKAN METODE HEURISTIC EVALUATION TERHADAP MAHASISWA IT TELKOM SURABAYA
"YUPIT SUDIANTO, S.KOM., M.KOM.",IMPLEMENTASI TATA KELOLA MANAJEMEN LAYANAN TEKNOLOGI INFORMASI MENGGUNAKAN STANDAR ISO 20000:1 2018. STUDI KASUS: E-LEARNING ITTELKOM SURABAYA
"HAWWIN MARDHIANA, S.KOM., M.KOM.",ANALISIS KEPUASAN PELANGGAN TERHADAP KUALITAS LAYANAN MENGGUNKAN APLIKASI SOSIAL MEDIA INSTAGRAM DENGAN METODE SERVQUAL DAN MODEL KANO PADA BISNIS ONLINE THRIFT STORE (STUDI KASUS: VACIO STORE)
"YUPIT SUDIANTO, S.KOM., M.KOM.",RANCANG BANGUN MODUL TEBANG MUAT ANGKUT PT PERKEBUNAN NUSANTARA XII PADA APLIKASI ONE STOP SOLUTION FOR PLANTERS BERBASIS ANDROID
"MUHAMMAD NASRULLAH, S.KOM., M.KOM.",EVALUASI PENINGKATAN LAYANAN IGRACIAS MENGGUNAKAN FRAMEWORK INFORMATION TECHNOLOGY INFRASTRUCTURE LIBRARY (ITIL) V3 DOMAIN SERVICE DESIGN
"ROKHMATUL INSANI, S.T., M.T.",ANALISIS KEPUASAN PENGGUNA APLIKASI MOBILE E-LEARNING DENGAN METODE TECHNOLOGY ACCEPTANCE MODEL (TAM) (STUDI KASUS PADA JURUSAN SISTEM INFORMASI INSTITUT TEKNOLOGI TELKOM SURABAYA)
"ULLY ASFARI, S.KOM., M.KOM.",3D Virtual prototyping dalam Perbaikan Desain Fasilitas Tempat Kerja: Studi Kasus CV.  XYZ
"ULLY ASFARI, S.KOM., M.KOM.",Implementasi Virtual Reality Berbasis Foto 360o Untuk Memvisualisasikan Fasilitas Perguruan Tinggi Surabaya
"ULLY ASFARI, S.KOM., M.KOM.",Faktor yang Mempengaruhi Implementasi Green Human Resource Management pada Ormawa: Model Konseptual: Indonesia
"ULLY ASFARI, S.KOM., M.KOM.",System Dynamic Framework: Increasing Productivity Of Sugarcane To Support Sustainable Cultivation
"ULLY ASFARI, S.KOM., M.KOM.",INOVASI KINERJA PRODUKSI KOPI UNTUK MENINGKATKAN KEUNTUNGAN MELALUI KEGIATAN PENGABDIAN MASYARAKAT KE UKM KOPI ARABICA TRADISIONAL
"ULLY ASFARI, S.KOM., M.KOM.",Implementasi Virtual Reality Berbasis Foto 360 derajat Untuk Memvisualisasikan Fasilitas Perguruan Tinggi Surabaya
"ULLY ASFARI, S.KOM., M.KOM.",Modeling of salt supply chains to achieve competitive salt prices
"ULLY ASFARI, S.KOM., M.KOM.",Pengaruh Pelatihan dan Pengembangan SDM Pada ABA Collection Terhadap Kinerja Pegawai Menggunakan Metode Regresi Linear Berganda
"ULLY ASFARI, S.KOM., M.KOM.",Dynamic simulation model of salt supply chain to increase farmers income
"ULLY ASFARI, S.KOM., M.KOM.",Determining Salt Production Season Based on Rainfall Forecasting Using Weighted Fuzzy Time Series.
"MUHAMMAD NASRULLAH, S.KOM., M.KOM.",Risk Priority Analysis for Change Management on E-Government using RIPC4 and AHP
"MUHAMMAD NASRULLAH, S.KOM., M.KOM.",Analisis Unified Theory Of Acceptance And Use Of Technology (UTAUT) Terhadap Penerimaan Adopsi Teknologi E-Learning Pada Fitur Video Conference Di Kalangan Mahasiswa Kampus Baru (Studi Kasus: ITTelkom Surabaya)
"MUHAMMAD NASRULLAH, S.KOM., M.KOM.",The Effect of Covid-19 Pandemic on Increasing Rice Tiwul Business Income Using System Dynamic Approach
"MUHAMMAD NASRULLAH, S.KOM., M.KOM.",IT Support Website Security Evaluation Using Vulnerability Assessment Tools
"MUHAMMAD NASRULLAH, S.KOM., M.KOM.",Development of I-Graciass Adoption and Implementation Model at Telkom Education Foundation Lemdikti Knowledge Management Systems Based
"MUHAMMAD NASRULLAH, S.KOM., M.KOM.",Analisis Pengelolaan dan Pengembangan Sumber Daya Manusia Perusahaan Furniture (Studi Kasus: CV. DNA Bali)
"MUHAMMAD NASRULLAH, S.KOM., M.KOM.",PELATIHAN DAN PENDAMPINGAN PEMASARAN ONLINE PRODUK NASI TIWUL DI MASA PANDEMI COVID-19
"MUHAMMAD NASRULLAH, S.KOM., M.KOM.",Requirement Engineering terhadap Virtual Team pada Proyek Software Engineering
"MUHAMMAD NASRULLAH, S.KOM., M.KOM.",PELATIHAN PENINGKATAN KEMAMPUAN MENGGUNAKAN MICROSOFT DYNAMICS 365 BUSINESS CENTRAL
"MUHAMMAD NASRULLAH, S.KOM., M.KOM.",System Dynamic Framework: Increasing Productivity Of Sugarcane To Support Sustainable Cultivation
"M. NIZAR PALEFI MA'ADY, S.KOM., M.KOM., M.IM.","PEMBUATAN SISTEM MONITORING SUHU, PH, TDS, DO, AMONIA DAN NITRIT AIR KOLAM BAGI UMKM FULLOBSTER SURABAYA BERBASIS MACHINE LEARNING"
"M. NIZAR PALEFI MA'ADY, S.KOM., M.KOM., M.IM.",Analysis of Trust Mechanism in Social Commerce: A Systematic Literature Review
"M. NIZAR PALEFI MA'ADY, S.KOM., M.KOM., M.IM.",The Important of Supply Chain Resilience During Covid-19 Pandemic For Enterprise Risk Management: A Systematic Literature Review
"M. NIZAR PALEFI MA'ADY, S.KOM., M.KOM., M.IM.",Fuzzy Information Enrichment for Self-healing Recommendation Systems of COVID-19 Patient
"M. NIZAR PALEFI MA'ADY, S.KOM., M.KOM., M.IM.",EndorseGram: Interactive Visualization of Influencer Endorsement Marketplace
"M. NIZAR PALEFI MA'ADY, S.KOM., M.KOM., M.IM.",Geovisualization Way for Exploiting Customer’s Emotions on Twitter
"M. NIZAR PALEFI MA'ADY, S.KOM., M.KOM., M.IM.",Analisis Keruangan Tingkat Kesiapsiagaan Masyarakat Terhadap Bencana Banjir Berbasis GIS Di Kabupaten Bojonegoro
"M. NIZAR PALEFI MA'ADY, S.KOM., M.KOM., M.IM.",Exploring Open Government Partnership as a Strategy for Promoting Transparency in Private University: An Initial Study
"M. NIZAR PALEFI MA'ADY, S.KOM., M.KOM., M.IM.",Pemetaan Tingkat Kesiapsiagaan Masyarakat Terhadap Berbagai Fase Bencana Banjir Berbasis GIS Untuk Meningkatkan Mitigasi Bencana Di Kabupaten Bojonegoro
"M. NIZAR PALEFI MA'ADY, S.KOM., M.KOM., M.IM.",Ensemble Measurement Model of E-Learning Implementation Readiness for Higher Education Institution
"NOERMA PUDJI ISTYANTO, S.KOM., M.KOM.",Development of I-Graciass Adoption and Implementation Model at Telkom Education Foundation Lemdikti Knowledge Management Systems Based
"NOERMA PUDJI ISTYANTO, S.KOM., M.KOM.",Risk Priority Analysis for Change Management on E-Government using RIPC4 and AHP
"NOERMA PUDJI ISTYANTO, S.KOM., M.KOM.",Adoption of Knowledge Management System: A Study on How IGracias Should be Adopted for Telkom Campus
"NOERMA PUDJI ISTYANTO, S.KOM., M.KOM.",Sosialisasi Pencegahan Penanganan Wabah COVID-19 Terhadap Komunitas Tunarungu Di Kota Surabaya
"NOERMA PUDJI ISTYANTO, S.KOM., M.KOM.",Preliminary research on Lecturer Skill Development for Digital Transformation in Indonesian Academic Institution
"NOERMA PUDJI ISTYANTO, S.KOM., M.KOM.",Disruptif Teknologi E-Government terhadap Pelayanan Publik Tradisional Masyarakat Surabaya di Era Industri 4.0
"NOERMA PUDJI ISTYANTO, S.KOM., M.KOM.","Evaluation of Public Service Strategy Chosen by Citizens of Surabaya: Traditional Vs E-Government (Case Study: E-Lampid, E-Health & Ssw)"
"NOERMA PUDJI ISTYANTO, S.KOM., M.KOM.","Evaluasi Strategi Pelayanan Publik Yang Lebih Dipilih Masyarakat Surabaya: Tradisional Vs E-Government (Studi Kasus: Elampid, E-Health & Ssw)"
"NOERMA PUDJI ISTYANTO, S.KOM., M.KOM.",Assement Implementation of Inpress No.3 Th 2003 for Development of e-Government in The Sampang District
"HAWWIN MARDHIANA, S.KOM., M.KOM.",Implementation of Quality Function Deployment (QFD) for Decision Making in Improving Integrated Academic Information System
"HAWWIN MARDHIANA, S.KOM., M.KOM.",3D Virtual prototyping dalam Perbaikan Desain Fasilitas Tempat Kerja: Studi Kasus CV. XYZ
"HAWWIN MARDHIANA, S.KOM., M.KOM.",USABILITY TESTING OF THE ONLINE PLATFORM FOR SELLING FOODSTUFFS IN INDONESIA
"HAWWIN MARDHIANA, S.KOM., M.KOM.",System Dynamic Framework: Increasing Productivity Of Sugarcane To Support Sustainable Cultivation
"HAWWIN MARDHIANA, S.KOM., M.KOM.",Implementation of Importance-Performance Analysis on Integrated Information System Institut Teknologi Telkom Purwokerto
"HAWWIN MARDHIANA, S.KOM., M.KOM.",Preliminary research on Lecturer Skill Development for Digital Transformation in Indonesian Academic Institution
"HAWWIN MARDHIANA, S.KOM., M.KOM.",Pengaruh Budaya Organisasi Terhadap Kualitas Informasi Berdampak pada Individu Organisasi
"HAWWIN MARDHIANA, S.KOM., M.KOM.",Kerangka Konseptual Kepuasan Pelanggan terhadap Jasa Transportasi Online Go Ride menggunakan Service Quality
"HAWWIN MARDHIANA, S.KOM., M.KOM.",Pendekatan Sistem Dinamik Untuk Meningkatkan Efisiensi Dan Produktivitas Tebu Dalam Rangka Mendukung Keberlanjutan Budidaya Tebu (Studi Kasus: Jawa Timur)
"HAWWIN MARDHIANA, S.KOM., M.KOM.",ISU IMPLEMENTASI WIDE AREA NETWORK PADA PERUSAHAAN BUMN MANUFAKTUR ENERGI
"AGUS SULISTYA, S.T., M.SC., PH.D.",Sieve: Helping developers sift wheat from chaff via cross-platform analysis
"AGUS SULISTYA, S.T., M.SC., PH.D.",Making sense of crowd-generated content in domain-specific settings
"AGUS SULISTYA, S.T., M.SC., PH.D.",Recommending who to follow in the software engineering twitter space
"AGUS SULISTYA, S.T., M.SC., PH.D.",Inferring spread of readers’ emotion affected by online news
"AGUS SULISTYA, S.T., M.SC., PH.D.",Harnessing Twitter to support serendipitous learning of developers
"AGUS SULISTYA, S.T., M.SC., PH.D.",Cataloging github repositories
"AGUS SULISTYA, S.T., M.SC., PH.D.","Spiteful, one-off, and kind: predicting customer feedback behavior on Twitter"
"AGUS SULISTYA, S.T., M.SC., PH.D.",Harnessing Twitter to support serendipitous learning of developers.(2017)
"AGUS SULISTYA, S.T., M.SC., PH.D.",Cataloging GitHub repositories.(2017)
"YUPIT SUDIANTO, S.KOM., M.KOM.",The Important of Supply Chain Resilience During Covid-19 Pandemic For Enterprise Risk Management: A Systematic Literature Review
"YUPIT SUDIANTO, S.KOM., M.KOM.",IT Support Website Security Evaluation Using Vulnerability Assessment Tools
"YUPIT SUDIANTO, S.KOM., M.KOM.",The Effect of Covid-19 Pandemic on Increasing Rice Tiwul Business Income Using System Dynamic Approach
"YUPIT SUDIANTO, S.KOM., M.KOM.",Development of I-Graciass Adoption and Implementation Model at Telkom Education Foundation Lemdikti Knowledge Management Systems Based
"YUPIT SUDIANTO, S.KOM., M.KOM.",MENINGKATKAN POTENSI PERIKANAN MARITIM INDONESIA DENGAN APLIKASI FISHERY
"YUPIT SUDIANTO, S.KOM., M.KOM.",Fuzzy Information Enrichment for Self-healing Recommendation Systems of COVID-19 Patient
"YUPIT SUDIANTO, S.KOM., M.KOM.",Analisis Pengelolaan dan Pengembangan Sumber Daya Manusia Perusahaan Furniture (Studi Kasus: CV. DNA Bali)
"YUPIT SUDIANTO, S.KOM., M.KOM.",Risk Priority Analysis for Change Management on E-Government using RIPC4 and AHP
"YUPIT SUDIANTO, S.KOM., M.KOM.","PEMBUATAN SISTEM MONITORING SUHU, PH, TDS, DO, AMONIA DAN NITRIT AIR KOLAM BAGI UMKM FULLOBSTER SURABAYA BERBASIS MACHINE LEARNING"
"YUPIT SUDIANTO, S.KOM., M.KOM.",PENGGUNAAN WEBSITE CSA SEBAGAI WADAH INFORMASI BAGI MASYARAKAT KURANG MAMPU UNTUK MENINJAU DANA BANTUAN SOSIAL DI INDONESIA SECARA EFEKTIF
"ARIS KUSUMAWATI, S.KOM., M.KOM.",MENINGKATKAN POTENSI PERIKANAN MARITIM INDONESIA DENGAN APLIKASI FISHERY
"ARIS KUSUMAWATI, S.KOM., M.KOM.",PENGGUNAAN WEBSITE CSA SEBAGAI WADAH INFORMASI BAGI MASYARAKAT KURANG MAMPU UNTUK MENINJAU DANA BANTUAN SOSIAL DI INDONESIA SECARA EFEKTIF
"ARIS KUSUMAWATI, S.KOM., M.KOM.",Intuition in Information Technology Investment Decision: A Quantitative Method
"ARIS KUSUMAWATI, S.KOM., M.KOM.",Optimasi Algoritma Genetika Dalam Menentukan Rute Optimal Topologi Cincin Pada Wide Area Network
"ARIS KUSUMAWATI, S.KOM., M.KOM.",Algoritma Genetika dalam Menentukan Rute Optimal Topologi Cincin pada WAN
"ARIS KUSUMAWATI, S.KOM., M.KOM.","Analyzing The Influence Of Information System’s Quality, User Satisfaction And Net Benefit Of E-Learning Users"
"ARLIYANTI NURDIN S.T., M.T.",PENGGUNAAN YOLOV5 PADA DETEKSI OBJEK UNTUK KETERSEDIAAN SLOT LAHAN PARKIR
"KHODIJAH AMIROH, S.ST., M.T.","SISTEM MONITORING DAN KONTROL SUHU, KELEMBABAN UDARA, SERTA INTENSITAS CAHAYA PADA GREENHOUSE DENGAN METODE FUZZY LOGIC"
"FARAH ZAKIYAH RAHMANTI, S.ST., M.T.",REAL TIME GUIDANCE BAGI PENYANDANG TUNA NETRA MENGGUNAKAN YOLO (YOU ONLY LOOK ONCE) DAN PEMANDU SUARA BERBASIS ANDROID
"BERNADUS ANGGO SENO AJI, S.KOM., M.KOM.",REKOMENDASI PEMILIHAN PROGRAM STUDI MENGGUNAKAN SUPPORT VECTOR REGRESSION (STUDI KASUS: MAHASISWA INSTITUT TEKNOLOGI TELKOM SURABAYA)
"FARAH ZAKIYAH RAHMANTI, S.ST., M.T.",SISTEM MONITORING LOKASI RAWAN KEJAHATAN CURANMOR BERBASIS WEB MENGGUNAKAN LAYANAN GOOGLE MAPS API
"BERNADUS ANGGO SENO AJI, S.KOM., M.KOM.",PAKAN IKAN OTOMATIS MENGGUNAKAN METODE ADAPTIVE NEURO FUZZY INFERENCE SYSTEM (ANFIS) BERBASIS IOT
"KHODIJAH AMIROH, S.ST., M.T.",DESAIN SISTEM PEMUPUKAN OTOMATIS TANAMAN BUAH MELON PADA GREEN HOUSE METODE FUZZY LOGIC
"ARLIYANTI NURDIN S.T., M.T.",SISTEM PERINGATAN DINI BANJIR MENGGUNAKAN PREDIKSI TINGGI AIR SUNGAI DENGAN MACHINE LEARNING
"ARLIYANTI NURDIN S.T., M.T.",KLASIFIKASI TINGKAT KECELAKAAN LALU LINTAS DI KOTA SURABAYA MENGGUNAKAN METODE PEMBELAJARAN MESIN
"KHODIJAH AMIROH, S.ST., M.T.",SISTEM MONITORING MANAJEMEN ASET PADA INVENTARIS ITTELKOM DENGAN METODE RFID (STUDI KASUS LABORATORIUM KOMPUTER FTIB ITTELKOM SURABAYA)
"FARAH ZAKIYAH RAHMANTI, S.ST., M.T.",RANCANG BANGUN SISTEM INFORMASI DESA CEMENGBAKALAN SIDOARJO BERBASIS ANALISIS DATA
"BERNADUS ANGGO SENO AJI, S.KOM., M.KOM.",PENERAPAN ATURAN ASOSIASI DENGAN METODE APRIORI UNTUK PENJUALAN TOKO OLEH – OLEH (STUDI KASUS : TOKO BERKAH LESTARI)
"ARLIYANTI NURDIN S.T., M.T.",PREDIKSI PELANGGAN CHURN PADA PERUSAHAAN TELEKOMUNIKASI MENGGUNAKAN ALGORITMA BOOSTING
"ARLIYANTI NURDIN S.T., M.T.",KLASIFIKASI DAN SEGMENTASI BERBASIS PEMBELAJARAN MESIN UNTUK ANALITIK PELANGGAN PADA PENERIMAAN MAHASISWA BARU
"FARAH ZAKIYAH RAHMANTI, S.ST., M.T.",PENENTUAN DURASI PENYINARAN PADA STERILISASI UV BERDASARKAN TINGKAT KEMATANGAN BUAH TOMAT MENGGUNAKAN SUPPORT VECTOR MACHINE
"BERNADUS ANGGO SENO AJI, S.KOM., M.KOM.",KLASIFIKASI INFEKSI GIGI MENGGUNAKAN METODE SUPPORT VECTOR MACHINE
"BERNADUS ANGGO SENO AJI, S.KOM., M.KOM.",SISTEM INFORMASI GEOGRAFIS DAERAH RAWAN PENCURIAN DI KABUPATEN TRENGGALEK DENGAN METODE FUZZY SAW
"BERNADUS ANGGO SENO AJI, S.KOM., M.KOM.",SISTEM INFORMASI GEOGRAFIS BERBASIS WEBSITE UNTUK KERAWANAN LALU LINTAS DI SURABAYA MENGGUNAKAN METODE ANALYTIC HIERARCHY PROCESS
"FARAH ZAKIYAH RAHMANTI, S.ST., M.T.",REKOMENDASI PENANGANAN GANGGUAN DAN MONITORING PEMADAMAN LISTRIK BERBASIS ANDROID MENGGUNAKAN BEST FIRST SEARCH PADA PT. PLN AREA KENDARI
"BERNADUS ANGGO SENO AJI, S.KOM., M.KOM.",IMPLEMENTASI IMAGE PROCESSING DENGAN METODE K-NEAREST NEIGHBOR UNTUK MENENTUKAN KUALITAS SARANG BURUNG WALET
"FARAH ZAKIYAH RAHMANTI, S.ST., M.T.",SISTEM INFORMASI PENCARIAN LOKASI WISATA DI KOTA PROBOLINGGO MENGGUNAKAN SEQUENTIAL SEARCH DAN LOCATION BASED SERVICE BERBASIS WEB
"OKTAVIA AYU PERMATA, S.T., M.T.",KLASTERISASI PENJUALAN PRODUK BAYI ORGANIK ABATA BENDUL MENGGUNAKAN ALGORITMA K-MEANS
"KHODIJAH AMIROH, S.ST., M.T.",SISTEM KONTROL KUALITAS AIR PADA BUDIDAYA UDANG VANAME BERBASIS IOT MENGGUNAKAN METODE K-NEAREST NEIGHBOR (KNN)
"BERNADUS ANGGO SENO AJI, S.KOM., M.KOM.",SISTEM PENGHITUNGAN JUMLAH ORANG OTOMATIS PADA PINTU MASUK GEREJA BERBASIS IOT DENGAN YOLO V4
"KHODIJAH AMIROH, S.ST., M.T.",SISTEM KONTROL KUALITAS UDARA BERBASIS IOT PADA KANDANG AYAM MENGGUNAKAN METODE K- NEAREST NEIGHBOR (KNN)
"BERNADUS ANGGO SENO AJI, S.KOM., M.KOM.",ANALISIS KLASIFIKASI PEMILIHAN DOSEN PEMBIMBING UNTUK PENYUSUNAN TUGAS AKHIR SESUAI DENGAN KEAHLIAN DOSEN MENGGUNAKAN METODE NAIVE BAYES STUDI KASUS IT TELKOM SURABAYA
"BERNADUS ANGGO SENO AJI, S.KOM., M.KOM.",PERANCANGAN SISTEM PENENTUAN INDEX MASSA TUBUH MENGGUNAKAN PENGOLAHAN CITRA DIGITAL
"KHODIJAH AMIROH, S.ST., M.T.",RANCANG BANGUN SISTEM PALANG OTOMATIS DI INSTITUT TEKNOLOGI TELKOM SURABAYA BERBASIS IOT DAN IMAGE PROCESSING
"NOERMA PUDJI ISTYANTO, S.KOM., M.KOM.",SISTEM MONITORING DAN KENDALI KUMBUNG JAMUR DENGAN METODE FUZZY LOGIC
"DR. HELMY WIDYANTARA, S.KOM., M.ENG.",RANCANG BANGUN PAKAN OTOMATIS BUDIDAYA LELE INTENSIF BERBASIS INTERNET OF THINGS
"OKTAVIA AYU PERMATA, S.T., M.T.",APLIKASI SISTEM PAKAR UNTUK MENDIAGNOSA PENYAKIT THALASEMIA DENGAN METODE CERTAINTY FACTOR BERBASIS WEB
"DR. HELMY WIDYANTARA, S.KOM., M.ENG.",SISTEM MONITORING DAN PENGENDALIAN KANDANG AYAM BERBASIS INTERNET OF THINGS
"FARAH ZAKIYAH RAHMANTI, S.ST., M.T.",SISTEM REKOMENDASI PEMILIHAN TIPE RUMAH MENGGUNAKAN METODE NAIVE BAYES (STUDI KASUS : PERUMAHAN GRIYA BUMI SEDAYU)
"BERNADUS ANGGO SENO AJI, S.KOM., M.KOM.",KLASIFIKASI PEMAHAMAN SANTRI DALAM PEMBELAJARAN KITAB KUNING MENGGUNAKAN SVM
"FIDI WINCOKO PUTRO, S.ST., M.KOM.",PERANCANGAN SISTEM INFORMASI GEOGRAFIS PERSEBARAN PENDUDUKAN DI WILAYAH KELURAHAN KETINTANG SURABAYA
"FARAH ZAKIYAH RAHMANTI, S.ST., M.T.",SISTEM REKOMENDASI STOK PRODUK KECANTIKAN MENGGUNAKAN FUZZY MAMDANI BERBASIS WEB (STUDI KASUS: PINEAPPLE BEAUTY LAB STORE)
"MOH. HAMIM ZAJULI AL FAROBY, S.SI., M.MAT.",SISTEM PREDIKSI PERTUMBUHAN PENDUDUK DI KOTA SURABAYA MENGGUNAKAN METODE TIME SERIES BERBASIS WEB
"MOH. HAMIM ZAJULI AL FAROBY, S.SI., M.MAT.",PENERAPAN NAÏVE-BAYES PADA DESAIN SISTEM PEMILIHAN PENERIMA BANTUAN MASYARAKAT BERPENGHASILAN RENDAH DI KELURAHAN KETINTANG SURABAYA
"KHODIJAH AMIROH, S.ST., M.T.",MONITORING KETERSEDIAAN SLOT PARKIR DI ITTELKOM SURABAYA BERBASIS IMAGES PROCESSING DAN IOT
"KHODIJAH AMIROH, S.ST., M.T.",SISTEM MONITORING DAN NOTIFIKASI OTOMATIS PADA PERPUSTAKAAN STUDI KASUS ITTELKOM SURABAYA
"BERNADUS ANGGO SENO AJI, S.KOM., M.KOM.",SISTEM REKOMENDASI SMP BERDASARKAN NILAI RAPORT SD MENGUNAKAN METODE RANDOM FOREST STUDI KASUS: SD/MI KECAMATAN ASEMROWO SURABAYA
"PHILIP TOBIANTO DAELY, S.T., M.ENG.",Multi-Vehicle Routing for Pickup Service in Dynamic Scenario
"PHILIP TOBIANTO DAELY, S.T., M.ENG.",An Improvement Using Global Positioning System (GPS) and Cloud Firestore for Integration of Information System in Surabaya Public Transportation
"PHILIP TOBIANTO DAELY, S.T., M.ENG.",Dynamic Delivery Truck Routing System with Task Clustering and Particle Swarm Optimization
"PHILIP TOBIANTO DAELY, S.T., M.ENG.",Edge Computing Based Pickup and Delivery Optimization for Warehouse
"PHILIP TOBIANTO DAELY, S.T., M.ENG.",The Design of The Emerging 5G Using Hybrid GPON and XGS-PON Technology
"PHILIP TOBIANTO DAELY, S.T., M.ENG.",Battery Insulation Performance Analysis in Electric Vehicles for the Improvement of Battery Lifetime
"PHILIP TOBIANTO DAELY, S.T., M.ENG.",Dynamic VRP Optimization Using Discrete PSO in Edge Computing Environment
"PHILIP TOBIANTO DAELY, S.T., M.ENG.",Distributed Computing Architecture for Logistic Job Allocation in Smart Factory
"PHILIP TOBIANTO DAELY, S.T., M.ENG.",IoT-based Adaptive Network Mechanism for Reliable Smart Farm System
"PHILIP TOBIANTO DAELY, S.T., M.ENG.",Hidden Information Detection in Speech Signal Using MFCC and LDA
"DR. HELMY WIDYANTARA, S.KOM., M.ENG.",Design of indoor smart air sterilization system with air quality monitoring based on iot
"DR. HELMY WIDYANTARA, S.KOM., M.ENG.",Pengenalan Pemrograman Perangkat Bergerak bagi Siswa SMA/SMK dalam Kegiatan Seminar Ilmiah Populer Online
"DR. HELMY WIDYANTARA, S.KOM., M.ENG.",Navigation and Formation of Swarm Robotics with Local Positioning System: Sistem Pemosisian didalam ruangan
"DR. HELMY WIDYANTARA, S.KOM., M.ENG.",Perangkat Budidaya Microgreen berbasis Internet of Things
"DR. HELMY WIDYANTARA, S.KOM., M.ENG.",Upaya Peningkatan Kualitas Pendidikan melalui Penerapan ICT di Sekolah Menengah Atas
"DR. HELMY WIDYANTARA, S.KOM., M.ENG.",Robot Logistik berbasis IoT untuk Memonitoring Pasien dan Pengiriman Logistik Selama Pandemi COVID-19
"DR. HELMY WIDYANTARA, S.KOM., M.ENG.",Pengembangan Sistem Kendali Kuantitas Air pada Tanaman Hidroponik Berbasis Internet of Things (IoT)
"DR. HELMY WIDYANTARA, S.KOM., M.ENG.","Video-based Tancho Koi Fish Tracking System Using CSK, DFT, and LOT"
"DR. HELMY WIDYANTARA, S.KOM., M.ENG.",IoT-Based Logistic Robot for Real-Time Monitoring and Control Patients during COVID-19 Pandemic
"DR. HELMY WIDYANTARA, S.KOM., M.ENG.",Pengembangan Sistem Kendali Kuantitas Air Pada Tanaman Hidroponik Berbasis Internet of Thing (IoT)
"FARAH ZAKIYAH RAHMANTI, S.ST., M.T.",Real-Time Accident Detection Using KNN Algorithm to Support IoT-based Smart City
"FARAH ZAKIYAH RAHMANTI, S.ST., M.T.",Dasar Pemrograman Dalam Bahasa C
"FARAH ZAKIYAH RAHMANTI, S.ST., M.T.",Undergraduate Thesis System Information Service Evaluation Using UTAUT–5 Factors Based Chatbot
"FARAH ZAKIYAH RAHMANTI, S.ST., M.T.",A Study of Conveyor System with UV Light for Vegetable and Fruit Sterilization for Farmer
"FARAH ZAKIYAH RAHMANTI, S.ST., M.T.",Efisiensi Energi Untuk Memperpanjang Lifetime Jaringan Sensor Nirkabel Menggunakan Algoritma LEACH
"FARAH ZAKIYAH RAHMANTI, S.ST., M.T.",PELATIHAN PEMANFAATAN TOOL KOLABORASI DAN PENGOLAHAN DATA ONLINE BAGI SELURUH GURU BK SMA/MA KABUPATEN SITUBONDO
"FARAH ZAKIYAH RAHMANTI, S.ST., M.T.",Pelatihan Pemanfaatan Tool Kolaborasi dan Pengolahan Data Online bagi Seluruh Guru BK SMA/MA Kabupaten Situbondo
"FARAH ZAKIYAH RAHMANTI, S.ST., M.T.",Integrated Information System Based on Google Maps APIs: Design of Surabaya Public Transportation System
"FARAH ZAKIYAH RAHMANTI, S.ST., M.T.",Analisis Kualitas Udara untuk Monitoring Kesehatan Lingkungan Rumah Sakit
"KHODIJAH AMIROH, S.ST., M.T.",Intelligent System for Fall Prediction Based on Accelerometer and Gyroscope of Fatal Injury in Geriatric
"KHODIJAH AMIROH, S.ST., M.T.",Pengembangan Sistem Penukaran Tiket Suroboyo Bus Melalui Digitalisasi Pencatatan Penukaran Sampah Berbasis Android
"KHODIJAH AMIROH, S.ST., M.T.",Pelatihan Pemanfaatan Tool Kolaborasi dan Pengolahan Data Online bagi Seluruh Guru BK SMA/MA Kabupaten Situbondo
"KHODIJAH AMIROH, S.ST., M.T.",Efisiensi Energi Untuk Memperpanjang Lifetime Jaringan Sensor Nirkabel Menggunakan Algoritma LEACH
"KHODIJAH AMIROH, S.ST., M.T.",Analisis Kualitas Udara untuk Monitoring Kesehatan Lingkungan Rumah Sakit
"KHODIJAH AMIROH, S.ST., M.T.",Integrated Information System Based on Google Maps APIs: Design of Surabaya Public Transportation System
"KHODIJAH AMIROH, S.ST., M.T.",Implementasi Space Time Frequency Block Code pada MIMO-OFDM menggunakan WARP
"KHODIJAH AMIROH, S.ST., M.T.",Performansi Protokol Pegasis Dalam Penggunaan Efisiensi Energi Pada Jaringan Sensor Nirkabel
"KHODIJAH AMIROH, S.ST., M.T.",Design of Space Time Frequency Block Code MIMO OFDM at WARP
"ARLIYANTI NURDIN S.T., M.T.",PENERAPAN ALGORITMA APRIORI PADA PENJUALAN SUKU CADANG KENDARAAN RODA DUA (Studi Kasus: Toko Prima Motor Sidomulyo)
"ARLIYANTI NURDIN S.T., M.T.",Strengthening MSMEs crafting soft skills through the implementation of system thinking business model innovation
"ARLIYANTI NURDIN S.T., M.T.",A Study of Conveyor System with UV Light for Vegetable and Fruit Sterilization for Farmer
"ARLIYANTI NURDIN S.T., M.T.",Penerapan System Thinking Untuk Peningkatan Branding dan Optimalisasi Manajemen Usaha Pada UKM Handy Craft Az-Zahra
"ARLIYANTI NURDIN S.T., M.T.",Deteksi Anomali Total Electron Content Sebelum Gempa Bumi Palu Menggunakan Jaringan Syaraf Tiruan Levenberg-marquardt
"ARLIYANTI NURDIN S.T., M.T.","Perbandingan Kinerja Word Embedding Word2Vec, Glove, Dan Fasttext Pada Klasifikasi Teks"
"ARLIYANTI NURDIN S.T., M.T.",PELATIHAN KETERAMPILAN WEB DESIGN BAGI SISWA SMK NEGERI 1 SURABAYA
"ARLIYANTI NURDIN S.T., M.T.",Student Attendance System using QR Codes (Case Study: Institut Teknologi Telkom Surabaya)
"ARLIYANTI NURDIN S.T., M.T.",SKILL TRAINING WEB DESIGN FOR STUDENTS AT SMK NEGERI 1 SURABAYA
"ARLIYANTI NURDIN S.T., M.T.",5w1h information extraction with CNN-bidirectional LSTM
"BERNADUS ANGGO SENO AJI, S.KOM., M.KOM.",Dasar Pemrograman Dalam Bahasa C
"BERNADUS ANGGO SENO AJI, S.KOM., M.KOM.",Deteksi Anomali Total Electron Content Sebelum Gempa Bumi Palu Menggunakan Jaringan Syaraf Tiruan Levenberg-marquardt
"BERNADUS ANGGO SENO AJI, S.KOM., M.KOM.","Perbandingan Kinerja Word Embedding Word2Vec, Glove, Dan Fasttext Pada Klasifikasi Teks"
"BERNADUS ANGGO SENO AJI, S.KOM., M.KOM.",Pelatihan Pemanfaatan Tool Kolaborasi dan Pengolahan Data Online bagi Seluruh Guru BK SMA/MA Kabupaten Situbondo
"BERNADUS ANGGO SENO AJI, S.KOM., M.KOM.",Detection Precursor of Sumatra Earthquake Based on Ionospheric TEC (Total Electron Content) Anomalies using N-ANN (N-Model Artificial Neural Network)
"BERNADUS ANGGO SENO AJI, S.KOM., M.KOM.",Prediksi curah hujan menggunakan evolving fuzzy
"OKTAVIA AYU PERMATA, S.T., M.T.",An Improvement Using Global Positioning System (GPS) and Cloud Firestore for Integration of Information System in Surabaya Public Transportation
"OKTAVIA AYU PERMATA, S.T., M.T.",Pengenalan Pemrograman Perangkat Bergerak bagi Siswa SMA/SMK dalam Kegiatan Seminar Ilmiah Populer Online
"OKTAVIA AYU PERMATA, S.T., M.T.",Pengembangan Sistem Penukaran Tiket Suroboyo Bus Melalui Digitalisasi Pencatatan Penukaran Sampah Berbasis Android
"OKTAVIA AYU PERMATA, S.T., M.T.",CARITA: PENDIDIKAN KARAKTER ANAK USIA DINI MELALUI SERIAL WEBTOON INTERAKTIF
"OKTAVIA AYU PERMATA, S.T., M.T.",A CONCEPTUAL DESIGN OF WASTE MANAGEMENT: SMART BIN DEPLOYMENT IN SURABAYA SMART CITY
"OKTAVIA AYU PERMATA, S.T., M.T.",Efisiensi Energi Untuk Memperpanjang Lifetime Jaringan Sensor Nirkabel Menggunakan Algoritma LEACH
"OKTAVIA AYU PERMATA, S.T., M.T.",Pelatihan Pemanfaatan Tool Kolaborasi dan Pengolahan Data Online bagi Seluruh Guru BK SMA/MA Kabupaten Situbondo
"OKTAVIA AYU PERMATA, S.T., M.T.",Integrated Information System Based on Google Maps APIs: Design of Surabaya Public Transportation System
none,ANALISIS KLASIFIKASI PEMILIHAN DOSEN PEMBIMBING UNTUK PENYUSUNAN TUGAS AKHIR SESUAI DENGAN KEAHLIAN DOSEN MENGGUNAKAN METODE NAIVE BAYES STUDI KASUS IT TELKOM SURABAYA
none,Stability of networked nonlinear systems: Generalization of small-gain theorem and distributed testing
none,Penggunaan Metode Waterfall Dalam Rancang Bangun Sistem Informasi Penjualan
none,Efisiensi Energi Untuk Memperpanjang Lifetime Jaringan Sensor Nirkabel Menggunakan Algoritma LEACH
none,ANALISIS KLASIFIKASI PEMILIHAN DOSEN PEMBIMBING UNTUK PENYUSUNAN TUGAS AKHIR SESUAI DENGAN KEAHLIAN DOSEN MENGGUNAKAN METODE NAÏVE BAYES STUDI KASUS IT TELKOM SURABAYA
none,Efisiensi Energi Untuk Memperpanjang Lifetime Jaringan Sensor Nirkabel Menggunakan Algoritma LEACH
none,ANALISIS KLASIFIKASI PEMILIHAN DOSEN PEMBIMBING UNTUK PENYUSUNAN TUGAS AKHIR SESUAI DENGAN KEAHLIAN DOSEN MENGGUNAKAN METODE NAIVE BAYES STUDI KASUS IT TELKOM SURABAYA
none,Stability of networked nonlinear systems: Generalization of small-gain theorem and distributed testing
none,Penggunaan Metode Waterfall Dalam Rancang Bangun Sistem Informasi Penjualan
none,ANALISIS KLASIFIKASI PEMILIHAN DOSEN PEMBIMBING UNTUK PENYUSUNAN TUGAS AKHIR SESUAI DENGAN KEAHLIAN DOSEN MENGGUNAKAN METODE NAIVE BAYES STUDI KASUS IT TELKOM SURABAYA
none,ANALISIS KLASIFIKASI PEMILIHAN DOSEN PEMBIMBING UNTUK PENYUSUNAN TUGAS AKHIR SESUAI DENGAN KEAHLIAN DOSEN MENGGUNAKAN METODE NAIVE BAYES STUDI KASUS IT TELKOM SURABAYA
none,ANALISIS KLASIFIKASI PEMILIHAN DOSEN PEMBIMBING UNTUK PENYUSUNAN TUGAS AKHIR SESUAI DENGAN KEAHLIAN DOSEN MENGGUNAKAN METODE NAIVE BAYES STUDI KASUS IT TELKOM SURABAYA
none,Stability of networked nonlinear systems: Generalization of small-gain theorem and distributed testing
none,pembuatan aplikasi mobile berupa game edukasi tata cara sholat
